"datetime","ti","te","Q","isol"
2014-02-17 00:00:00,18.4195004666667,2.20503265,99.9999999999091,0
2014-02-17 01:00:00,17.6249056666667,2.87011291666667,0,0
2014-02-17 02:00:00,17.0496685333333,3.13540818333333,0,0
2014-02-17 03:00:00,16.5979076333333,3.40993868333333,0,0
2014-02-17 04:00:00,16.1169602333333,3.80299336666667,0,0
2014-02-17 05:00:00,15.6937451333333,4.10422686666667,0,0
2014-02-17 06:00:00,17.8421555333333,4.38676171666667,7083.33333333371,0
2014-02-17 07:00:00,16.4841348666667,4.16782778333333,5699.99999999936,0
2014-02-17 08:00:00,16.6460675,4.70644436666667,7250.00000000023,5.55555555555556
2014-02-17 09:00:00,17.0593839666667,6.02906006666667,2799.99999999973,32.5
2014-02-17 10:00:00,16.2030026666667,6.92153831666667,166.666666666515,77.7777777777778
2014-02-17 11:00:00,15.6964313333333,7.25978368333333,0,147.222222222222
2014-02-17 12:00:00,15.5846954333333,8.41493786666667,0,98.0555555555556
2014-02-17 13:00:00,15.2573685333333,8.61031,0,182.222222222222
2014-02-17 14:00:00,14.985741,8.28434301666667,0,149.722222222222
2014-02-17 15:00:00,16.8279901333333,8.25511516666667,7266.66666666688,83.6111111111111
2014-02-17 16:00:00,17.2145232,8.0705343,5750.00000000045,84.1666666666667
2014-02-17 17:00:00,17.7020675,7.70957905,5916.66666666697,19.4444444444444
2014-02-17 18:00:00,21.4293272333333,7.56656895,6833.3333333328,0.555555555555556
2014-02-17 19:00:00,21.970818,7.11971536666667,6950.0000000005,0
2014-02-17 20:00:00,22.2334531666667,6.99170576666667,6699.99999999959,0
2014-02-17 21:00:00,22.6204811,6.41961231666667,5883.33333333367,0
2014-02-17 22:00:00,21.9324261,6.59790606666667,6166.66666666674,0
2014-02-17 23:00:00,18.6691724333333,6.78818385,1266.66666666665,0
2014-02-18 00:00:00,17.4680246333333,6.9322893,66.666666666606,0
2014-02-18 01:00:00,16.8372731666667,6.67367541666667,0,0
2014-02-18 02:00:00,16.4139328333333,6.43333035,0,0
2014-02-18 03:00:00,16.1318529666667,6.26863411666667,0,0
2014-02-18 04:00:00,15.8101076,6.1185807,0,0
2014-02-18 05:00:00,15.4909053,6.37606386666667,310.606060606088,0
2014-02-18 06:00:00,17.3527214,6.42290628333333,621.212121212176,0
2014-02-18 07:00:00,17.224002,6.52670005,931.818181818264,0
2014-02-18 08:00:00,17.3830981666667,6.69889605,1242.42424242435,6.11111111111111
2014-02-18 09:00:00,17.5139213666667,7.2218857,1553.03030303044,28.6111111111111
2014-02-18 10:00:00,16.9515265666667,7.68521318333333,1863.63636363653,98.3333333333333
2014-02-18 11:00:00,18.3128731,8.4568819,2174.24242424262,173.333333333333
2014-02-18 12:00:00,18.8359834333333,9.4247324,2484.84848484871,167.777777777778
2014-02-18 13:00:00,17.5170775666667,9.62827483333333,2795.45454545479,278.611111111111
2014-02-18 14:00:00,17.3178764,9.81711073333333,3106.06060606088,155.833333333333
2014-02-18 15:00:00,17.1518223333333,9.1768599,3416.66666666697,100.833333333333
2014-02-18 16:00:00,18.0871181,8.23232378333333,5083.33333333326,95.2777777777778
2014-02-18 17:00:00,18.4926438333333,6.08341491666667,4183.33333333294,38.0555555555556
2014-02-18 18:00:00,21.8640865,5.22052233333333,5196.66666666694,3.33333333333333
2014-02-18 19:00:00,22.0559778333333,6.20659806666667,7053.33333333328,0
2014-02-18 20:00:00,22.1023695333333,6.23874706666667,4983.33333333335,0
2014-02-18 21:00:00,22.4715864666667,6.60361413333333,4516.66666666597,0
2014-02-18 22:00:00,21.7477848666667,6.47452633333333,5433.33333333408,0
2014-02-18 23:00:00,19.3161549,6.1549963,1166.66666666674,0
2014-02-19 00:00:00,18.1342936,5.82040333333333,66.666666666606,0
2014-02-19 01:00:00,17.4717937,5.11676946666667,0,0
2014-02-19 02:00:00,16.9343313666667,5.36920943333333,0,0
2014-02-19 03:00:00,16.5086596,5.0699936,0,0
2014-02-19 04:00:00,16.1828720333333,5.48527353333333,0,0
2014-02-19 05:00:00,15.8952959666667,5.59481381666667,0,0
2014-02-19 06:00:00,17.5072544666667,5.62907678333333,5583.3333333328,0
2014-02-19 07:00:00,17.4610668,5.76481166666667,5049.99999999995,0
2014-02-19 08:00:00,17.4175246,6.16530663333333,5706.66666666739,8.33333333333333
2014-02-19 09:00:00,17.1986745666667,7.07033156666667,3059.99999999926,48.8888888888889
2014-02-19 10:00:00,16.6596105333333,7.58700815,83.3333333332575,97.7777777777778
2014-02-19 11:00:00,16.7031089333333,8.2132367,16.6666666666515,224.444444444444
2014-02-19 12:00:00,17.38111,9.3689382,0,380.833333333333
2014-02-19 13:00:00,16.8801816666667,9.38749016666667,0,372.777777777778
2014-02-19 14:00:00,16.3090911,9.17612906666667,0,393.888888888889
2014-02-19 15:00:00,16.6910295333333,9.1146545,5000.00000000114,308.055555555556
2014-02-19 16:00:00,17.8506064,8.71967593333333,5183.33333333203,161.388888888889
2014-02-19 17:00:00,18.3236068,7.90893141666667,4216.66666666738,36.6666666666667
2014-02-19 18:00:00,21.4933997,7.25549001666667,5950.00000000027,2.22222222222222
2014-02-19 19:00:00,21.9716005,6.96347375,6816.66666666615,0
2014-02-19 20:00:00,22.2965466,6.65948056666667,6000.00000000023,0
2014-02-19 21:00:00,22.6136296,6.91657985,4916.66666666674,0
2014-02-19 22:00:00,21.9762604,7.36250721666667,5816.66666666592,0
2014-02-19 23:00:00,19.1519292333333,7.69181091666667,1233.33333333335,0
2014-02-20 00:00:00,17.8818088666667,8.09048791666667,66.6666666677429,0
2014-02-20 01:00:00,17.2104214666667,8.49525061666667,0,0
2014-02-20 02:00:00,16.7321641,8.67488273333333,0,0
2014-02-20 03:00:00,16.3358588333333,8.7321717,0,0
2014-02-20 04:00:00,16.1082054333333,9.22506513333333,0,0
2014-02-20 05:00:00,15.9443598,9.55903153333333,0,0
2014-02-20 06:00:00,17.5512552666667,9.7776521,4983.33333333221,0
2014-02-20 07:00:00,17.4473671,9.69250293333333,5150.000000001,0
2014-02-20 08:00:00,17.4482019333333,9.53030413333333,6306.66666666684,2.22222222222222
2014-02-20 09:00:00,17.1993130666667,9.9960622,2776.66666666619,24.7222222222222
2014-02-20 10:00:00,18.5376688,11.0629775,83.3333333332575,64.1666666666667
2014-02-20 11:00:00,19.1401889666667,10.6435364333333,0,115.833333333333
2014-02-20 12:00:00,19.5442037,10.5743805333333,0,234.722222222222
2014-02-20 13:00:00,18.9305383333333,10.602508,0,438.055555555556
2014-02-20 14:00:00,17.8486049,8.92034936666667,0,403.611111111111
2014-02-20 15:00:00,17.6746407333333,8.22030791666667,3700.00000000005,270.555555555556
2014-02-20 16:00:00,18.6678484,8.32363818333333,5166.66666666652,52.7777777777778
2014-02-20 17:00:00,19.1285369333333,7.32520568333333,4233.33333333289,82.5
2014-02-20 18:00:00,22.3020703333333,6.2141832,5716.66666666715,9.16666666666667
2014-02-20 19:00:00,22.0300985333333,5.54660815,5900.00000000032,0
2014-02-20 20:00:00,22.2142339333333,4.96831376666667,5299.99999999973,0
2014-02-20 21:00:00,22.4203867,4.38550606666667,4716.66666666692,0
2014-02-20 22:00:00,21.5691838,3.92027083333333,5616.66666666611,0
2014-02-20 23:00:00,18.9453310666667,3.74650773333333,983.333333333576,0
2014-02-21 00:00:00,17.7159336666667,3.59783593333333,66.666666666606,0
2014-02-21 01:00:00,17.0024362666667,3.36006271666667,0,0
2014-02-21 02:00:00,16.4487496,3.29404396666667,0,0
2014-02-21 03:00:00,15.963366,3.29378961666667,0,0
2014-02-21 04:00:00,15.5008099333333,3.0849925,0,0
2014-02-21 05:00:00,15.0414352666667,2.8268367,0,0
2014-02-21 06:00:00,16.9384439,2.48086985,6483.33333333312,0
2014-02-21 07:00:00,16.7545227,2.81806181666667,6433.3333333343,0
2014-02-21 08:00:00,17.6057013333333,3.5128107,7163.33333333296,21.1111111111111
2014-02-21 09:00:00,19.1302763666667,4.58015976666667,3120.00000000012,123.055555555556
2014-02-21 10:00:00,19.9722850333333,5.55168205,83.3333333332575,262.777777777778
2014-02-21 11:00:00,20.1760746,6.77135883333333,16.6666666666515,303.055555555556
2014-02-21 12:00:00,18.9861988333333,7.114675,0,356.666666666667
2014-02-21 13:00:00,17.6632424333333,7.56709391666667,0,246.944444444444
2014-02-21 14:00:00,17.0457767,7.57800713333333,0,115.277777777778
2014-02-21 15:00:00,17.0583865,6.81078461666667,5399.99999999964,131.388888888889
2014-02-21 16:00:00,17.9148468,6.29408541666667,5149.99999999986,235.833333333333
2014-02-21 17:00:00,18.3743061666667,5.58633306666667,5683.33333333385,90.2777777777778
2014-02-21 18:00:00,21.5439309333333,5.0698781,6033.33333333239,7.22222222222222
2014-02-21 19:00:00,21.8116042,4.69507768333333,6950.0000000005,0
2014-02-21 20:00:00,22.1369232666667,4.56795418333333,6716.66666666624,0
2014-02-21 21:00:00,22.2081558333333,4.62340896666667,5466.66666666738,0
2014-02-21 22:00:00,21.5307405,4.5272723,5883.33333333367,0
2014-02-21 23:00:00,17.9727587,4.2495536,966.666666665787,0
2014-02-22 00:00:00,16.9869361,4.10129941666667,49.9999999999545,0
2014-02-22 01:00:00,16.3526882,4.24330623333333,0,0
2014-02-22 02:00:00,15.9238950666667,4.14031213333333,0,0
2014-02-22 03:00:00,15.5563435666667,3.72469551666667,0,0
2014-02-22 04:00:00,15.1696200333333,3.99932243333333,0,0
2014-02-22 05:00:00,14.8218866666667,4.10003415,0,0
2014-02-22 06:00:00,16.7018461,3.957552,6966.66666666715,0
2014-02-22 07:00:00,16.5466700666667,3.65400308333333,5383.33333333298,0
2014-02-22 08:00:00,18.3416772,4.45288156666667,5570.00000000016,18.8888888888889
2014-02-22 09:00:00,19.5231047333333,5.96202303333333,6030.00000000065,130
2014-02-22 10:00:00,21.1922426,7.05546521666667,5133.33333333321,264.444444444444
2014-02-22 11:00:00,20.4198580333333,8.06793526666667,3283.33333333262,359.166666666667
2014-02-22 12:00:00,21.3022976333333,9.01479433333333,3283.33333333376,439.444444444444
2014-02-22 13:00:00,21.0306179666667,9.2151203,3416.66666666697,432.5
2014-02-22 14:00:00,20.4404907333333,9.46342806666667,3116.66666666611,204.444444444444
2014-02-22 15:00:00,19.3860047,9.1444922,3783.3333333333,321.388888888889
2014-02-22 16:00:00,19.7884504333333,8.33924958333333,4616.66666666702,159.722222222222
2014-02-22 17:00:00,19.9554983666667,7.46740788333333,3666.66666666674,43.8888888888889
2014-02-22 18:00:00,22.4335611666667,7.16396863333333,5449.99999999959,3.33333333333333
2014-02-22 19:00:00,22.3204694666667,7.0497918,5933.33333333362,0
2014-02-22 20:00:00,22.5836239,7.0000319,5983.33333333358,0
2014-02-22 21:00:00,22.4650676333333,7.11848561666667,4516.66666666597,0
2014-02-22 22:00:00,22.0066047,7.35122328333333,5983.33333333358,0
2014-02-22 23:00:00,19.7974801333333,7.49996598333333,2483.33333333335,0
2014-02-23 00:00:00,18.4935716666667,7.77518225,99.9999999999091,0
2014-02-23 01:00:00,17.7841776333333,7.91178163333333,0,0
2014-02-23 02:00:00,17.3444685,7.8233787,0,0
2014-02-23 03:00:00,16.9710475,8.0202898,0,0
2014-02-23 04:00:00,16.6112430333333,7.82418385,0,0
2014-02-23 05:00:00,16.2818926666667,8.11084085,0,0
2014-02-23 06:00:00,17.1303148666667,8.02126261666667,4499.99999999932,0
2014-02-23 07:00:00,17.6534784333333,8.55218726666667,4150.00000000077,0
2014-02-23 08:00:00,17.8717664666667,9.21246476666667,4130.00000000011,16.6666666666667
2014-02-23 09:00:00,18.0998180666667,9.75999446666667,5803.33333333328,93.8888888888889
2014-02-23 10:00:00,19.8766830666667,10.6368096666667,6083.33333333348,168.333333333333
2014-02-23 11:00:00,19.6079482,11.2658690666667,3366.66666666702,305.833333333333
2014-02-23 12:00:00,18.6571114,11.4516721666667,3116.66666666611,163.888888888889
2014-02-23 13:00:00,18.4085549,11.5201439,3216.66666666715,86.6666666666667
2014-02-23 14:00:00,18.3216676666667,11.5008629666667,3333.33333333258,69.4444444444444
2014-02-23 15:00:00,18.2838644666667,11.0838298,3600.00000000014,38.6111111111111
2014-02-23 16:00:00,19.1703218333333,11.0931147333333,4300.00000000064,33.3333333333333
2014-02-23 17:00:00,19.2985392333333,10.7223915333333,2833.33333333303,20.8333333333333
2014-02-23 18:00:00,22.5101289,10.3768613333333,5566.66666666615,2.5
2014-02-23 19:00:00,22.6900602333333,10.0769815333333,6116.66666666679,0
2014-02-23 20:00:00,22.7133823,9.6951214,4966.6666666667,0
2014-02-23 21:00:00,22.7927040666667,9.28502303333333,4483.3333333338,0
2014-02-23 22:00:00,22.2413323666667,8.7025743,5266.66666666642,0
2014-02-23 23:00:00,19.5589571333333,8.49608153333333,2266.66666666688,0
2014-02-24 00:00:00,18.3270142,8.4531616,99.9999999999091,0
2014-02-24 01:00:00,17.6780886,8.2732961,0,0
2014-02-24 02:00:00,17.1145105,7.98257766666667,0,0
2014-02-24 03:00:00,16.7071508666667,7.50394418333333,0,0
2014-02-24 04:00:00,16.2695975666667,7.09217341666667,0,0
2014-02-24 05:00:00,15.8837068333333,6.73193508333333,0,0
2014-02-24 06:00:00,17.6176884,6.55421831666667,5316.66666666638,0
2014-02-24 07:00:00,17.4629108666667,6.64559706666667,5650.00000000055,0
2014-02-24 08:00:00,17.2751365,7.48549275,6693.3333333327,8.33333333333333
2014-02-24 09:00:00,17.3207954,7.6785222,3440.00000000051,83.8888888888889
2014-02-24 10:00:00,16.8099799,7.58191025,99.9999999999091,50.2777777777778
2014-02-24 11:00:00,16.9141287666667,8.5268586,0,70.2777777777778
2014-02-24 12:00:00,18.4687261666667,9.18065318333333,0,143.055555555556
2014-02-24 13:00:00,18.0547742333333,9.66918846666667,0,166.944444444444
2014-02-24 14:00:00,17.8389284333333,9.84206733333333,0,407.5
2014-02-24 15:00:00,17.7607636,10.0239619,4666.66666666697,351.944444444444
2014-02-24 16:00:00,18.5015008333333,9.65388643333333,4783.33333333239,191.944444444444
2014-02-24 17:00:00,18.9790253666667,8.80569228333333,4150.00000000077,89.1666666666667
2014-02-24 18:00:00,21.9837505333333,7.90876091666667,5466.66666666624,5.55555555555556
2014-02-24 19:00:00,22.2669086,7.767595,6499.99999999977,0
2014-02-24 20:00:00,22.5056444666667,7.55324606666667,5833.33333333371,0
2014-02-24 21:00:00,22.6473979333333,7.5774838,5033.3333333333,0
2014-02-24 22:00:00,22.2084734333333,7.84581171666667,6100.00000000014,0
2014-02-24 23:00:00,19.0922906333333,8.09550058333333,1000.00000000023,0
2014-02-25 00:00:00,17.8113107333333,7.72007055,66.666666666606,0
2014-02-25 01:00:00,17.160127,7.11723878333333,0,0
2014-02-25 02:00:00,16.5684796666667,6.8949524,0,0
2014-02-25 03:00:00,16.1068808,6.98693008333333,0,0
2014-02-25 04:00:00,15.8475944666667,6.83201811666667,0,0
2014-02-25 05:00:00,15.6798543333333,6.44151896666667,0,0
2014-02-25 06:00:00,17.5711576,5.55733756666667,5166.66666666652,0
2014-02-25 07:00:00,17.4678848666667,5.17502196666667,5566.66666666615,0
2014-02-25 08:00:00,17.654516,6.18030618333333,6566.66666666752,11.1111111111111
2014-02-25 09:00:00,16.858078,6.70635908333333,3016.6666666662,102.5
2014-02-25 10:00:00,16.1584613666667,6.66354238333333,83.3333333332575,206.944444444444
2014-02-25 11:00:00,16.2404341,7.15580263333333,0,189.444444444444
2014-02-25 12:00:00,18.6278873,8.459846,0,91.3888888888889
2014-02-25 13:00:00,18.4528229666667,9.2781839,0,268.611111111111
2014-02-25 14:00:00,17.1342693666667,8.72323186666667,0,437.777777777778
2014-02-25 15:00:00,17.046678,8.20420936666667,4916.66666666674,246.666666666667
2014-02-25 16:00:00,18.0642999,7.58858751666667,5399.99999999964,160.555555555556
2014-02-25 17:00:00,18.4966638666667,6.47429706666667,4666.66666666697,129.722222222222
2014-02-25 18:00:00,21.8594344666667,6.07085705,6333.33333333326,23.6111111111111
2014-02-25 19:00:00,22.0848468,5.94747935,6983.3333333338,0
2014-02-25 20:00:00,22.5640895666667,5.60816115,5399.99999999964,0
2014-02-25 21:00:00,22.4468266,5.5142319,5249.99999999977,0
2014-02-25 22:00:00,21.9744418,5.01809668333333,5666.6666666672,0
2014-02-25 23:00:00,18.9667322666667,4.62349431666667,1216.6666666667,0
2014-02-26 00:00:00,17.6826960666667,4.22535425,66.666666666606,0
2014-02-26 01:00:00,16.8838707,4.07364581666667,0,0
2014-02-26 02:00:00,16.3369312333333,3.62506785,0,0
2014-02-26 03:00:00,15.8699858333333,3.24323673333333,0,0
2014-02-26 04:00:00,15.4623141,3.42833798333333,0,0
2014-02-26 05:00:00,15.0634151,3.47319963333333,0,0
2014-02-26 06:00:00,17.0493399666667,3.23367861666667,6516.66666666642,0
2014-02-26 07:00:00,16.8877065,3.19616306666667,6200.00000000005,0
2014-02-26 08:00:00,17.8043509333333,4.15721431666667,6523.33333333331,30
2014-02-26 09:00:00,19.3362451333333,5.530004,3060.0000000004,149.444444444444
2014-02-26 10:00:00,20.317167,6.85690578333333,83.3333333332575,280.555555555556
2014-02-26 11:00:00,20.4131508,8.00430046666667,16.6666666666515,387.5
2014-02-26 12:00:00,19.4097833666667,8.67738586666667,0,411.944444444444
2014-02-26 13:00:00,18.5678704666667,9.18301446666667,0,409.444444444444
2014-02-26 14:00:00,17.7724583666667,9.37353936666667,0,347.5
2014-02-26 15:00:00,18.1982950666667,9.0929147,4349.99999999945,170.833333333333
2014-02-26 16:00:00,18.7738574,7.75712296666667,5133.33333333321,118.055555555556
2014-02-26 17:00:00,19.2032459666667,7.58011285,4049.99999999973,75
2014-02-26 18:00:00,22.091718,6.14401005,5633.33333333389,21.9444444444444
2014-02-26 19:00:00,22.2682511333333,5.55288605,5800.00000000041,0
2014-02-26 20:00:00,22.359123,4.99534336666667,5333.33333333303,0
2014-02-26 21:00:00,22.4520870333333,4.77802883333333,5899.99999999918,0
2014-02-26 22:00:00,21.8521020333333,4.35168991666667,5633.33333333389,0
2014-02-26 23:00:00,18.8132748,4.42425523333333,1200.00000000005,0
2014-02-27 00:00:00,17.4765164,4.71090403333333,66.666666666606,0
2014-02-27 01:00:00,16.6004412666667,5.1595519,0,0
2014-02-27 02:00:00,15.9421267333333,4.92506956666667,0,0
2014-02-27 03:00:00,15.3543187,4.82060033333333,0,0
2014-02-27 04:00:00,14.7421331333333,5.05072311666667,0,0
2014-02-27 05:00:00,14.4051080666667,5.30255753333333,0,0
2014-02-27 06:00:00,16.8319329,5.7423719,6649.99999999964,0
2014-02-27 07:00:00,17.0698569333333,5.56538941666667,5750.00000000045,0
2014-02-27 08:00:00,17.1519405666667,5.1794781,6080.00000000061,5.27777777777778
2014-02-27 09:00:00,18.8758390666667,6.18376866666667,2719.99999999935,65.5555555555556
2014-02-27 10:00:00,20.1729081333333,7.31397578333333,99.9999999999091,173.055555555556
2014-02-27 11:00:00,20.3495511,8.2130478,0,306.944444444444
2014-02-27 12:00:00,19.8151357666667,7.8975832,0,363.333333333333
2014-02-27 13:00:00,19.1184429,6.9760449,0,308.888888888889
2014-02-27 14:00:00,18.1991362666667,7.56828876666667,0,266.388888888889
2014-02-27 15:00:00,18.4569384666667,7.9025952,4800.00000000018,279.166666666667
2014-02-27 16:00:00,18.8563796666667,6.88620163333333,4983.33333333335,154.166666666667
2014-02-27 17:00:00,19.3100189666667,5.39841838333333,5266.66666666642,108.055555555556
2014-02-27 18:00:00,22.370313,3.45381488333333,5633.33333333389,16.9444444444444
2014-02-27 19:00:00,22.210754,3.10935935,5966.66666666579,0
2014-02-27 20:00:00,22.1750791,3.76975681666667,5333.33333333417,0
2014-02-27 21:00:00,22.5101551666667,3.4477059,4916.66666666674,0
2014-02-27 22:00:00,21.4822252666667,2.2649344,5466.66666666624,0
2014-02-27 23:00:00,18.6593708,1.56914301666667,1299.99999999995,0
2014-02-28 00:00:00,17.3156133666667,1.09972086666667,33.333333333303,0
2014-02-28 01:00:00,16.5752955666667,0.363173083333333,0,0
2014-02-28 02:00:00,15.9790573666667,-0.300733766666667,0,0
2014-02-28 03:00:00,15.5006568,0.297830333333333,0,0
2014-02-28 04:00:00,15.1736812,0.664059733333333,0,0
2014-02-28 05:00:00,14.8237261666667,0.523568983333333,0,0
2014-02-28 06:00:00,16.8738739666667,0.467561733333333,6700.00000000073,0
2014-02-28 07:00:00,16.6707047,0.753469616666667,6016.66666666574,0
2014-02-28 08:00:00,16.9887803666667,0.887446483333333,6503.33333333379,17.5
2014-02-28 09:00:00,16.5308051,1.19662605,3796.66666666708,71.9444444444444
2014-02-28 10:00:00,15.6817452666667,1.83994811666667,83.3333333332575,154.722222222222
2014-02-28 11:00:00,15.2862130666667,2.8671443,0,223.055555555556
2014-02-28 12:00:00,15.1087247666667,3.84854686666667,0,383.333333333333
2014-02-28 13:00:00,15.1234805666667,4.58415431666667,0,137.777777777778
2014-02-28 14:00:00,14.9592446666667,4.83263081666667,0,163.611111111111
2014-02-28 15:00:00,16.9494978666667,5.49552775,6699.99999999959,195
2014-02-28 16:00:00,17.3416816333333,5.622208,6499.99999999977,156.111111111111
2014-02-28 17:00:00,17.595581,5.15456035,5483.33333333403,62.5
2014-02-28 18:00:00,21.2425229333333,4.9195091,6083.33333333235,13.3333333333333
2014-02-28 19:00:00,21.785468,4.66509158333333,6983.3333333338,0
2014-02-28 20:00:00,21.9390522666667,3.83356161666667,5900.00000000032,0
2014-02-28 21:00:00,22.1958801333333,2.70599473333333,5333.33333333303,0
2014-02-28 22:00:00,21.5824481666667,2.07233538333333,6216.6666666667,0
2014-02-28 23:00:00,17.8679720333333,1.5864251,933.333333333621,0
2014-03-01 00:00:00,16.6757741666667,1.19493278333333,66.666666666606,0
2014-03-01 01:00:00,15.9682739333333,0.305752483333333,0,0
2014-03-01 02:00:00,15.4080011,0.0171934333333333,0,0
2014-03-01 03:00:00,14.8130559,-1.26716273333333,0,0
2014-03-01 04:00:00,14.2513445333333,-2.17588561666667,0,0
2014-03-01 05:00:00,13.7387545333333,-2.55648513333333,0,0
2014-03-01 06:00:00,15.9366182,-2.34542701666667,7300.00000000018,0
2014-03-01 07:00:00,16.0568136,-2.42993145,6616.66666666633,0
2014-03-01 08:00:00,17.66648,-1.22677961666667,6263.33333333264,24.1666666666667
2014-03-01 09:00:00,18.7289629333333,1.28952025,6220.00000000071,158.333333333333
2014-03-01 10:00:00,20.6281338333333,3.9115465,5383.33333333298,278.055555555556
2014-03-01 11:00:00,21.4053448,5.8471113,3566.66666666683,389.722222222222
2014-03-01 12:00:00,19.7466837,5.37105423333333,3600.00000000014,283.888888888889
2014-03-01 13:00:00,19.0643104,5.90360726666667,4166.66666666629,362.222222222222
2014-03-01 14:00:00,18.8937940666667,6.44913166666667,3466.66666666692,520.555555555556
2014-03-01 15:00:00,19.2726673333333,6.8768783,4116.66666666633,237.777777777778
2014-03-01 16:00:00,19.4610956666667,6.48551108333333,4850.00000000014,165.555555555556
2014-03-01 17:00:00,19.6242699666667,5.56524946666667,4200.00000000073,39.7222222222222
2014-03-01 18:00:00,22.649436,4.07331445,5516.6666666662,21.9444444444444
2014-03-01 19:00:00,22.7723697,4.10876665,5716.66666666601,0
2014-03-01 20:00:00,22.7694072,4.22887741666667,5283.33333333421,0
2014-03-01 21:00:00,22.9054539666667,3.97665953333333,4633.33333333367,0
2014-03-01 22:00:00,21.7270831333333,3.63134265,5716.66666666601,0
2014-03-01 23:00:00,19.2427965,3.01572368333333,2083.33333333371,0
2014-03-02 00:00:00,17.9076817333333,2.78576686666667,99.9999999999091,0
2014-03-02 01:00:00,17.0853562,3.566459,0,0
2014-03-02 02:00:00,16.5053418666667,4.00742331666667,0,0
2014-03-02 03:00:00,16.0536276,4.24461591666667,0,0
2014-03-02 04:00:00,15.5590774,4.01211578333333,0,0
2014-03-02 05:00:00,15.1282555333333,4.2653416,0,0
2014-03-02 06:00:00,17.0803715,4.79549928333333,6416.66666666652,0
2014-03-02 07:00:00,16.7523631333333,5.63740173333333,5449.99999999959,0
2014-03-02 08:00:00,17.6047827,6.50668351666667,4233.33333333403,30.2777777777778
2014-03-02 09:00:00,18.0268166333333,7.30637273333333,6316.66666666661,79.7222222222222
2014-03-02 10:00:00,17.5516552,7.82283183333333,5483.33333333289,208.333333333333
2014-03-02 11:00:00,17.2608058333333,8.34646858333333,3750,289.722222222222
2014-03-02 12:00:00,17.2714155333333,8.69694728333333,4016.66666666642,88.6111111111111
2014-03-02 13:00:00,16.9539817333333,8.2691887,3633.33333333344,111.388888888889
2014-03-02 14:00:00,16.7986035,7.99037466666667,3733.33333333335,180.555555555556
2014-03-02 15:00:00,16.7591344333333,7.17967913333333,4416.6666666672,129.722222222222
2014-03-02 16:00:00,17.9786206333333,7.08722971666667,5333.33333333303,61.9444444444444
2014-03-02 17:00:00,18.5637985,6.89643365,5383.33333333298,26.9444444444444
2014-03-02 18:00:00,22.0112310333333,6.62773948333333,6850.00000000059,3.88888888888889
2014-03-02 19:00:00,22.1798584666667,6.60567186666667,7666.66666666652,0
2014-03-02 20:00:00,22.6450941333333,6.22496676666667,6583.33333333303,0
2014-03-02 21:00:00,22.793338,5.20726843333333,5033.3333333333,0
2014-03-02 22:00:00,22.0336796,4.64908593333333,5766.66666666711,0
2014-03-02 23:00:00,19.333271,4.34587616666667,2333.33333333348,0
2014-03-03 00:00:00,18.0625467333333,4.20048853333333,83.3333333332575,0
2014-03-03 01:00:00,17.2990547666667,3.79798946666667,16.6666666666515,0
2014-03-03 02:00:00,16.7380957,3.346044,0,0
2014-03-03 03:00:00,16.2193229,2.80025995,0,0
2014-03-03 04:00:00,15.7437622666667,2.11404815,0,0
2014-03-03 05:00:00,15.2830351666667,1.13587461666667,0,0
2014-03-03 06:00:00,17.2063558333333,0.711627683333333,6716.66666666624,0
2014-03-03 07:00:00,16.9709619666667,0.0661915666666667,6299.99999999995,0
2014-03-03 08:00:00,18.5381684333333,1.66217105,6823.33333333418,26.6666666666667
2014-03-03 09:00:00,20.0982800666667,3.9397149,3059.99999999926,180.833333333333
2014-03-03 10:00:00,20.9918958,5.35913461666667,83.3333333332575,330.277777777778
2014-03-03 11:00:00,21.2905083333333,6.90651675,16.6666666666515,437.222222222222
2014-03-03 12:00:00,19.9766695,7.22806916666667,0,504.444444444444
2014-03-03 13:00:00,18.9450049,7.64003853333333,0,527.777777777778
2014-03-03 14:00:00,18.3461398,7.91183115,0,501.388888888889
2014-03-03 15:00:00,18.2389452666667,7.7493085,4100.00000000082,416.111111111111
2014-03-03 16:00:00,19.0439828,7.4068363,5449.99999999959,252.777777777778
2014-03-03 17:00:00,19.3834750666667,5.70117843333333,4316.66666666615,96.9444444444444
2014-03-03 18:00:00,22.1841373333333,3.85964046666667,5249.99999999977,26.9444444444444
2014-03-03 19:00:00,22.3687115333333,2.69470466666667,5966.66666666692,0
2014-03-03 20:00:00,22.4781156333333,2.6413413,5349.99999999968,0
2014-03-03 21:00:00,22.6884649333333,2.86409235,4550.00000000041,0
2014-03-03 22:00:00,21.5265784666667,2.26430793333333,5283.33333333308,0
2014-03-03 23:00:00,18.8793395666667,2.26703766666667,933.333333333621,0
2014-03-04 00:00:00,17.7159685,1.827837,99.9999999999091,0
2014-03-04 01:00:00,16.9449756,0.829140433333333,0,0
2014-03-04 02:00:00,16.2937294666667,-0.57991325,0,0
2014-03-04 03:00:00,15.6390499,-0.76228795,0,0
2014-03-04 04:00:00,15.1273225,-1.36509056666667,0,0
2014-03-04 05:00:00,14.7572294333333,-0.889609966666667,0,0
2014-03-04 06:00:00,16.8609942666667,-0.234654616666667,6483.33333333426,0
2014-03-04 07:00:00,16.7868871666667,1.10530141666667,5866.66666666588,0
2014-03-04 08:00:00,17.9115635333333,3.05528681666667,6090.00000000037,52.7777777777778
2014-03-04 09:00:00,17.1457914,5.08805536666667,3076.66666666591,191.944444444444
2014-03-04 10:00:00,18.019223,6.23824156666667,83.3333333343944,233.888888888889
2014-03-04 11:00:00,18.9835169,7.90684358333333,0,295.277777777778
2014-03-04 12:00:00,18.4279728333333,8.42514438333333,0,433.055555555556
2014-03-04 13:00:00,17.4394343,8.3984489,0,360.833333333333
2014-03-04 14:00:00,17.2386073,8.89265596666667,0,146.111111111111
2014-03-04 15:00:00,17.3983900666667,8.63004666666667,4800.00000000018,238.611111111111
2014-03-04 16:00:00,18.1968546666667,8.02149998333333,5033.33333333217,197.222222222222
2014-03-04 17:00:00,18.7382519666667,6.69757155,4966.6666666667,137.5
2014-03-04 18:00:00,21.8826906,4.60276698333333,5750.00000000045,38.3333333333333
2014-03-04 19:00:00,22.048164,2.62638356666667,5983.33333333358,0
2014-03-04 20:00:00,22.2700218,1.48381496666667,5566.66666666615,0
2014-03-04 21:00:00,22.3981671333333,0.80905155,4766.66666666688,0
2014-03-04 22:00:00,21.9969262333333,0.113819268333333,5733.3333333338,0
2014-03-04 23:00:00,18.5819118333333,-0.19075445,1433.33333333317,0
2014-03-05 00:00:00,17.1924951333333,-1.09692485,66.666666666606,0
2014-03-05 01:00:00,16.3661715,-1.50653771666667,0,0
2014-03-05 02:00:00,15.6729742333333,-1.368863,0,0
2014-03-05 03:00:00,15.0899816,-1.62208668333333,0,0
2014-03-05 04:00:00,14.6039322333333,-1.83423595,0,0
2014-03-05 05:00:00,14.1507924333333,-1.53913868333333,0,0
2014-03-05 06:00:00,16.5065502333333,-1.29531625,6699.99999999959,0
2014-03-05 07:00:00,16.3551394333333,-0.288269716666667,6299.99999999995,1.66666666666667
2014-03-05 08:00:00,17.1174194666667,1.0935405,7419.99999999962,61.1111111111111
2014-03-05 09:00:00,15.9952949333333,3.01001096666667,3096.66666666772,164.722222222222
2014-03-05 10:00:00,15.6323824333333,5.22416553333333,83.3333333332575,158.888888888889
2014-03-05 11:00:00,15.9268049,6.76453145,0,270.555555555556
2014-03-05 12:00:00,16.5689633,8.74206168333333,0,366.388888888889
2014-03-05 13:00:00,17.1211734666667,9.93910933333333,0,298.888888888889
2014-03-05 14:00:00,16.2662986,9.9170993,0,342.222222222222
2014-03-05 15:00:00,16.4177747,9.43029513333333,4900.00000000009,306.666666666667
2014-03-05 16:00:00,17.3293739666667,8.75966953333333,5049.99999999995,153.611111111111
2014-03-05 17:00:00,17.9672640333333,8.14757623333333,5083.33333333326,113.611111111111
2014-03-05 18:00:00,21.2383852666667,7.77590265,5916.66666666697,13.3333333333333
2014-03-05 19:00:00,21.6173826666667,7.20455048333333,6416.66666666652,0
2014-03-05 20:00:00,21.954934,7.26133143333333,5716.66666666601,0
2014-03-05 21:00:00,22.1972688333333,7.14151273333333,4750.00000000023,0
2014-03-05 22:00:00,21.7812939333333,7.07530746666667,5349.99999999968,0
2014-03-05 23:00:00,18.8763888333333,6.83626435,1250,0
2014-03-06 00:00:00,17.7225972333333,6.62559845,66.666666666606,0
2014-03-06 01:00:00,17.1017785,6.6087147,0,0
2014-03-06 02:00:00,16.5863678333333,6.36784611666667,0,0
2014-03-06 03:00:00,16.3015413,6.27863953333333,0,0
2014-03-06 04:00:00,15.9926273666667,6.52421483333333,0,0
2014-03-06 05:00:00,15.6906985,6.4320375,0,0
2014-03-06 06:00:00,17.4798817,6.44036855,5783.33333333376,0
2014-03-06 07:00:00,17.3783264333333,6.60337876666667,5366.66666666633,0.555555555555556
2014-03-06 08:00:00,17.4029693333333,7.02044193333333,6410.00000000076,23.3333333333333
2014-03-06 09:00:00,16.9740799666667,7.43428111666667,3056.66666666639,67.2222222222222
2014-03-06 10:00:00,16.3595698,8.04336731666667,83.3333333332575,102.5
2014-03-06 11:00:00,16.1119679666667,8.64553253333333,0,165.833333333333
2014-03-06 12:00:00,16.0397865333333,9.2066076,0,207.777777777778
2014-03-06 13:00:00,16.0263611666667,9.8402398,0,147.777777777778
2014-03-06 14:00:00,15.7558891333333,9.77450903333333,0,166.388888888889
2014-03-06 15:00:00,17.3112345666667,9.57188426666667,5416.66666666629,151.111111111111
2014-03-06 16:00:00,17.7722963666667,9.2865286,5766.66666666711,101.666666666667
2014-03-06 17:00:00,18.3272602333333,8.86978763333333,4599.99999999923,41.6666666666667
2014-03-06 18:00:00,21.5588701333333,8.64721456666667,6016.66666666688,5.27777777777778
2014-03-06 19:00:00,22.0336077,8.40480016666667,6600.00000000082,0
2014-03-06 20:00:00,22.2065018333333,8.33514866666667,5699.99999999936,0
2014-03-06 21:00:00,22.4420022,8.33977178333333,4550.00000000041,0
2014-03-06 22:00:00,22.2666904,8.36139881666667,5516.6666666662,0
2014-03-06 23:00:00,19.0940789,8.40962546666667,1066.66666666683,0
2014-03-07 00:00:00,17.9704969666667,8.39322153333333,66.666666666606,0
2014-03-07 01:00:00,17.2675249,8.16320246666667,0,0
2014-03-07 02:00:00,16.774571,8.06163336666667,0,0
2014-03-07 03:00:00,16.4824415666667,8.20391385,0,0
2014-03-07 04:00:00,16.1290299666667,8.20714806666667,0,0
2014-03-07 05:00:00,15.9173456,8.45573356666667,0,0
2014-03-07 06:00:00,17.4357038333333,8.56567516666667,4866.66666666679,0
2014-03-07 07:00:00,17.4549857,8.78193516666667,5000,0.555555555555556
2014-03-07 08:00:00,17.5461306333333,8.88996566666667,6393.33333333298,9.16666666666667
2014-03-07 09:00:00,17.5635785333333,9.7709961,2939.99999999983,16.3888888888889
2014-03-07 10:00:00,18.8057812,10.8891007,200.000000000955,81.1111111111111
2014-03-07 11:00:00,19.9225848333333,12.4695727,0,220.277777777778
2014-03-07 12:00:00,20.5660037333333,13.1708704333333,0,352.222222222222
2014-03-07 13:00:00,19.9431262,12.6776671,0,346.944444444444
2014-03-07 14:00:00,19.3919482,11.7984689,0,475
2014-03-07 15:00:00,19.2718042666667,10.3387459,3600.00000000014,278.055555555556
2014-03-07 16:00:00,19.7779305,9.34381403333333,5033.3333333333,291.666666666667
2014-03-07 17:00:00,19.9719564,7.763837,3966.66666666647,165.833333333333
2014-03-07 18:00:00,22.9297462666667,6.13551965,5316.66666666638,42.5
2014-03-07 19:00:00,22.5164428333333,4.24528536666667,5549.9999999995,0
2014-03-07 20:00:00,22.4285291,2.97195465,4716.66666666692,0
2014-03-07 21:00:00,22.3982514333333,1.9968147,4183.33333333294,0
2014-03-07 22:00:00,21.7019277,1.24241133333333,5216.66666666761,0
2014-03-07 23:00:00,18.8746074,0.811696,999.999999999091,0
2014-03-08 00:00:00,17.7294233666667,0.816791916666667,116.666666667697,0
2014-03-08 01:00:00,17.0719658,1.9839855,0,0
2014-03-08 02:00:00,16.6189297333333,2.42280381666667,0,0
2014-03-08 03:00:00,16.1192276666667,3.26655016666667,0,0
2014-03-08 04:00:00,15.5503101,4.40396255,0,0
2014-03-08 05:00:00,15.2744362333333,4.66503081666667,0,0
2014-03-08 06:00:00,17.2918809,5.13009586666667,6099.999999999,0
2014-03-08 07:00:00,17.0743512,5.83284891666667,5350.00000000082,1.11111111111111
2014-03-08 08:00:00,17.2864905666667,6.90357355,4289.99999999974,36.9444444444444
2014-03-08 09:00:00,17.4430590666667,7.7666309,7093.33333333348,49.4444444444444
2014-03-08 10:00:00,17.521983,8.74456676666667,6183.33333333339,58.8888888888889
2014-03-08 11:00:00,19.4580599,10.3991204,3633.33333333344,135
2014-03-08 12:00:00,20.2437729666667,11.4172014666667,3199.99999999936,225.277777777778
2014-03-08 13:00:00,19.4876637666667,12.0181506,3100.00000000059,388.055555555556
2014-03-08 14:00:00,19.2977202333333,12.6896789,3133.33333333276,254.166666666667
2014-03-08 15:00:00,19.1801635,13.1583365,3600.00000000014,225
2014-03-08 16:00:00,19.8655060333333,12.9371352,4216.66666666624,168.333333333333
2014-03-08 17:00:00,19.9285841333333,11.7996443333333,2300.00000000018,100
2014-03-08 18:00:00,22.8439403,11.0373096333333,4950.00000000005,27.7777777777778
2014-03-08 19:00:00,22.5223348666667,10.1458992,5366.66666666633,0
2014-03-08 20:00:00,22.4323316666667,9.51095293333333,4566.66666666706,0
2014-03-08 21:00:00,22.5624469666667,8.9740856,3900.000000001,0
2014-03-08 22:00:00,22.4122675666667,8.17227848333333,4833.33333333348,0
2014-03-08 23:00:00,20.1403891333333,6.30275318333333,2083.33333333258,0
2014-03-09 00:00:00,19.1081400333333,5.70477363333333,166.666666666515,0
2014-03-09 01:00:00,18.397207,8.95678175,33.333333333303,0
2014-03-09 02:00:00,18.0205294666667,8.77964661666667,0,0
2014-03-09 03:00:00,17.6486514,6.5179225,0,0
2014-03-09 04:00:00,17.2124771,5.21563476666667,0,0
2014-03-09 05:00:00,16.8441973666667,5.1731045,0,0
2014-03-09 06:00:00,17.5234938333333,5.6178388,4149.99999999964,0
2014-03-09 07:00:00,18.2205073666667,6.13037475,3783.3333333333,1.94444444444444
2014-03-09 08:00:00,19.5058911333333,8.33259528333333,3046.66666666662,78.3333333333333
2014-03-09 09:00:00,21.1888523,10.6020045333333,5520.00000000135,216.944444444444
2014-03-09 10:00:00,23.1407782,12.0364941666667,4983.33333333221,356.388888888889
2014-03-09 11:00:00,23.8269907666667,13.4929647333333,2566.66666666661,464.166666666667
2014-03-09 12:00:00,23.8456637666667,14.9210648666667,566.666666668425,528.611111111111
2014-03-09 13:00:00,23.3422608,15.8637206333333,83.3333333321207,553.611111111111
2014-03-09 14:00:00,22.6306705666667,16.4826236333333,0,530.555555555556
2014-03-09 15:00:00,21.8218368666667,16.5757190333333,0,452.5
2014-03-09 16:00:00,21.6715622,16.4755162666667,0,322.5
2014-03-09 17:00:00,21.1365521666667,14.8232471,299.999999999727,173.333333333333
2014-03-09 18:00:00,22.7522737333333,12.3443000666667,1433.3333333343,40
2014-03-09 19:00:00,22.4489682666667,10.9614264666667,1583.33333333076,0
2014-03-09 20:00:00,22.4705622,11.7235393666667,1333.33333333667,0
2014-03-09 21:00:00,22.3930583666667,10.8045577666667,1249.99999999773,0
2014-03-09 22:00:00,22.3024561,9.77118846666667,1666.66666666742,0
2014-03-09 23:00:00,20.3388394666667,9.48983516666667,783.333333333758,0
2014-03-10 00:00:00,19.6610545333333,9.29639973333333,49.9999999988177,0
2014-03-10 01:00:00,19.3536040333333,8.74643555,0,0
2014-03-10 02:00:00,18.9585060333333,7.32959483333333,0,0
2014-03-10 03:00:00,18.5946683333333,7.16978353333333,0,0
2014-03-10 04:00:00,18.4076332333333,7.5752182,0,0
2014-03-10 05:00:00,18.1452013,7.3207506,0,0
2014-03-10 06:00:00,17.9536893333333,7.43175301666667,3266.66666666597,0
2014-03-10 07:00:00,17.8859122666667,7.65892545,4366.66666666724,1.66666666666667
2014-03-10 08:00:00,17.9677352,7.91564601666667,5146.66666666699,28.6111111111111
2014-03-10 09:00:00,19.8974268,8.2069281,2719.99999999935,135.833333333333
2014-03-10 10:00:00,22.5571830666667,8.3601115,83.3333333343944,170.277777777778
2014-03-10 11:00:00,21.9875031666667,8.5973563,16.6666666677884,165.555555555556
2014-03-10 12:00:00,20.6113921,8.41135081666667,0,147.5
2014-03-10 13:00:00,19.6662264666667,8.20868385,0,384.166666666667
2014-03-10 14:00:00,19.7835517,8.61209561666667,0,415.277777777778
2014-03-10 15:00:00,20.1023269333333,8.8696897,3683.33333333339,438.888888888889
2014-03-10 16:00:00,20.7043847333333,8.78371776666667,4716.66666666579,350.833333333333
2014-03-10 17:00:00,20.3494129333333,7.59593828333333,1983.33333333267,199.722222222222
2014-03-10 18:00:00,23.0558018666667,5.83062525,4483.33333333267,56.6666666666667
2014-03-10 19:00:00,22.6019728333333,4.63806446666667,4950.00000000118,0
2014-03-10 20:00:00,22.6207083666667,4.14809943333333,4383.33333333276,0
2014-03-10 21:00:00,22.9437027333333,3.2287476,3816.66666666661,0
2014-03-10 22:00:00,22.7744661333333,2.4048783,5016.66666666779,0
2014-03-10 23:00:00,19.7007218333333,3.42481425,1033.33333333239,0
2014-03-11 00:00:00,18.6757486333333,3.49271513333333,133.333333333212,0
2014-03-11 01:00:00,18.0268667,3.25659888333333,0,0
2014-03-11 02:00:00,17.4830724333333,2.74072183333333,0,0
2014-03-11 03:00:00,17.0248691,2.59275476666667,0,0
2014-03-11 04:00:00,16.7067682333333,3.0807882,0,0
2014-03-11 05:00:00,16.4065931666667,3.43269088333333,0,0
2014-03-11 06:00:00,17.0947615666667,3.38489991666667,4633.33333333367,0
2014-03-11 07:00:00,17.6061971666667,3.66742545,4850.00000000127,5
2014-03-11 08:00:00,17.8744260666667,4.10189583333333,5676.66666666582,88.8888888888889
2014-03-11 09:00:00,17.6290084666667,4.94778415,3039.9999999986,228.611111111111
2014-03-11 10:00:00,17.5198447333333,6.1432513,83.3333333343944,294.722222222222
2014-03-11 11:00:00,18.7085785,7.11269126666667,16.6666666677884,380.277777777778
2014-03-11 12:00:00,19.5782727666667,8.4873291,0,575.555555555556
2014-03-11 13:00:00,19.7063027,9.82717893333333,0,590.833333333333
2014-03-11 14:00:00,19.2446169,10.4436362,0,560
2014-03-11 15:00:00,19.2879520666667,10.4132632,3599.999999999,481.388888888889
2014-03-11 16:00:00,20.0094535333333,10.3223429666667,5099.99999999991,362.222222222222
2014-03-11 17:00:00,20.1921704333333,8.56327821666667,3733.33333333221,211.944444444444
2014-03-11 18:00:00,22.8099482,6.41185868333333,5050.00000000109,56.3888888888889
2014-03-11 19:00:00,22.6713530666667,5.14945313333333,5633.33333333276,0
2014-03-11 20:00:00,22.6160319666667,4.08835558333333,4550.00000000155,0
2014-03-11 21:00:00,22.6916071,3.32955226666667,4349.99999999945,0
2014-03-11 22:00:00,22.5340550333333,3.11619076666667,5533.33333333285,0
2014-03-11 23:00:00,19.5317011666667,3.45051783333333,1083.33333333348,0
2014-03-12 00:00:00,18.4850455333333,3.0811119,66.666666666606,0
2014-03-12 01:00:00,17.8257043333333,2.76764216666667,0,0
2014-03-12 02:00:00,17.3002955333333,2.45601593333333,0,0
2014-03-12 03:00:00,16.8444797,2.22939956666667,0,0
2014-03-12 04:00:00,16.4696344666667,2.18204655,0,0
2014-03-12 05:00:00,16.1429124666667,2.55704578333333,0,0
2014-03-12 06:00:00,16.8368628666667,2.72314208333333,4833.33333333348,0
2014-03-12 07:00:00,17.3343667333333,2.6760974,4983.33333333221,3.61111111111111
2014-03-12 08:00:00,17.597379,2.89487651666667,5643.33333333479,30.2777777777778
2014-03-12 09:00:00,17.2123284,3.14534611666667,3039.9999999986,77.5
2014-03-12 10:00:00,16.6929519333333,3.67320451666667,83.3333333321207,129.722222222222
2014-03-12 11:00:00,16.4089512333333,4.23452426666667,16.6666666677884,157.222222222222
2014-03-12 12:00:00,16.3467381333333,5.18744663333333,0,263.055555555556
2014-03-12 13:00:00,16.2633707333333,6.08006435,0,386.944444444444
2014-03-12 14:00:00,16.4781581666667,7.17085535,0,525.833333333333
2014-03-12 15:00:00,17.3928015,8.31386915,4566.66666666706,456.388888888889
2014-03-12 16:00:00,18.4309790333333,8.8429138,4933.33333333339,338.611111111111
2014-03-12 17:00:00,18.8709428333333,7.55063586666667,4616.66666666815,185.555555555556
2014-03-12 18:00:00,22.0043643666667,5.7155659,5433.33333333294,52.5
2014-03-12 19:00:00,22.1611584333333,3.98077916666667,6016.66666666688,0
2014-03-12 20:00:00,22.489606,2.91845291666667,5133.33333333321,0
2014-03-12 21:00:00,22.7422167,2.1634691,4533.33333333148,0
2014-03-12 22:00:00,22.0348490333333,1.48430315,5750.00000000045,0
2014-03-12 23:00:00,18.8364174333333,0.799474616666667,1250,0
2014-03-13 00:00:00,17.4940294,0.572330216666667,66.666666666606,0
2014-03-13 01:00:00,16.8010542333333,0.516864666666667,0,0
2014-03-13 02:00:00,16.2352132333333,0.338070516666667,0,0
2014-03-13 03:00:00,15.7199366,0.509792233333333,0,0
2014-03-13 04:00:00,15.2107861666667,0.251900916666667,0,0
2014-03-13 05:00:00,14.7829889666667,0.349785966666667,0,0
2014-03-13 06:00:00,16.8837590666667,0.151340983333333,6333.33333333439,0
2014-03-13 07:00:00,16.6284585,0.47396785,5866.66666666588,6.11111111111111
2014-03-13 08:00:00,16.9187974333333,1.26800821666667,6620.00000000035,88.0555555555556
2014-03-13 09:00:00,17.2924209,2.94052,3579.99999999947,219.722222222222
2014-03-13 10:00:00,18.3935621333333,5.1579507,83.3333333321207,268.611111111111
2014-03-13 11:00:00,18.9945081666667,8.12492801666667,16.6666666677884,430.555555555556
2014-03-13 12:00:00,19.0608369666667,10.065984,0,472.777777777778
2014-03-13 13:00:00,18.7263424,11.1325619666667,0,499.444444444444
2014-03-13 14:00:00,18.3283100333333,12.0291109333333,0,488.055555555556
2014-03-13 15:00:00,18.5956860666667,12.5715890666667,3750.00000000227,404.166666666667
2014-03-13 16:00:00,19.4891665666667,13.1780072666667,5283.33333333194,290.555555555556
2014-03-13 17:00:00,19.8279736666667,12.1049165333333,3766.66666666551,183.888888888889
2014-03-13 18:00:00,22.7264052666667,8.50581773333333,5250.00000000091,46.3888888888889
2014-03-13 19:00:00,22.6205772666667,6.77133161666667,5433.33333333294,0
2014-03-13 20:00:00,22.5203028333333,5.56834828333333,4433.33333333385,0
2014-03-13 21:00:00,22.4676785333333,5.07032083333333,4349.99999999945,0
2014-03-13 22:00:00,22.7289690666667,4.16433935,4783.33333333467,0
2014-03-13 23:00:00,19.5695485,3.2602227,983.333333333576,0
2014-03-14 00:00:00,18.3833489,2.66439031666667,66.666666666606,0
2014-03-14 01:00:00,17.6412801666667,2.04410375,0,0
2014-03-14 02:00:00,17.0652886666667,1.31519781666667,0,0
2014-03-14 03:00:00,16.5553663666667,0.86683935,0,0
2014-03-14 04:00:00,16.0836282,0.389452633333333,0,0
2014-03-14 05:00:00,15.6369715666667,-0.0650943833333333,0,0
2014-03-14 06:00:00,17.5366728,-0.38241955,5416.66666666515,0
2014-03-14 07:00:00,17.2954568,0.8997757,5299.99999999973,8.33333333333333
2014-03-14 08:00:00,18.2389646,2.9275929,5763.33333333423,88.8888888888889
2014-03-14 09:00:00,19.5281034333333,6.82167165,2819.99999999925,191.111111111111
2014-03-14 10:00:00,19.6154527,11.028518,166.666666666515,366.666666666667
2014-03-14 11:00:00,19.5872238333333,11.1856905666667,33.333333333303,351.944444444444
2014-03-14 12:00:00,20.3617123666667,12.6911816333333,0,384.166666666667
2014-03-14 13:00:00,20.2590065,14.0460518333333,0,567.777777777778
2014-03-14 14:00:00,19.5224604,14.5654361333333,0,528.611111111111
2014-03-14 15:00:00,19.3255857333333,13.7704261333333,3383.33333333367,404.444444444444
2014-03-14 16:00:00,19.9294548666667,10.0200781666667,5016.66666666779,202.5
2014-03-14 17:00:00,20.2587498,7.96086406666667,3983.33333333312,83.6111111111111
2014-03-14 18:00:00,22.9964696,7.7348354,4283.33333333285,15.5555555555556
2014-03-14 19:00:00,22.6587294333333,8.08544976666667,5633.33333333276,0
2014-03-14 20:00:00,22.4885243333333,8.15994261666667,4400.00000000055,0
2014-03-14 21:00:00,22.9215827,8.18609008333333,4416.66666666606,0
2014-03-14 22:00:00,22.9391198,8.33045381666667,5016.66666666779,0
2014-03-14 23:00:00,20.2874773666667,8.84536326666667,1333.33333333212,0
2014-03-15 00:00:00,19.0768719,9.02747526666667,133.333333333212,0
2014-03-15 01:00:00,18.3899791666667,9.02431263333333,0,0
2014-03-15 02:00:00,18.0122991333333,8.55427275,0,0
2014-03-15 03:00:00,17.6739753,8.4286105,0,0
2014-03-15 04:00:00,17.3515067333333,8.21374768333333,0,0
2014-03-15 05:00:00,17.0960967,7.92951201666667,0,0
2014-03-15 06:00:00,17.6862776,7.74123121666667,3700.00000000118,0
2014-03-15 07:00:00,18.1213571666667,7.62663143333333,3766.66666666551,3.88888888888889
2014-03-15 08:00:00,18.4802139666667,7.84890563333333,3453.33333333429,34.7222222222222
2014-03-15 09:00:00,18.7873489333333,8.67311713333333,5679.99999999984,76.9444444444444
2014-03-15 10:00:00,19.7136275333333,10.2338291333333,5299.99999999973,140.833333333333
2014-03-15 11:00:00,21.4278397333333,11.1105512333333,3399.99999999918,443.888888888889
2014-03-15 12:00:00,22.1268099,11.8106879333333,3150.00000000055,553.888888888889
2014-03-15 13:00:00,22.0014607666667,12.4179623,3150.00000000055,578.055555555556
2014-03-15 14:00:00,21.0882675333333,11.4251756,3514.28571428642,611.944444444444
2014-03-15 15:00:00,20.4886327666667,10.4326227666667,4019.04761904689,386.666666666667
2014-03-15 16:00:00,20.8754673666667,10.0224268,3550.00000000018,353.888888888889
2014-03-15 17:00:00,20.5638918,9.78738446666667,1200.00000000118,243.055555555556
2014-03-15 18:00:00,23.0824951,9.50250553333333,3999.99999999864,51.6666666666667
2014-03-15 19:00:00,22.977006,9.6769666,4449.99999999936,0
2014-03-15 20:00:00,22.9998521333333,10.009245,3766.66666666779,0
2014-03-15 21:00:00,23.5132898666667,10.1827701,3433.33333333248,0
2014-03-15 22:00:00,22.6522565666667,10.1855218,3350.00000000036,0
2014-03-15 23:00:00,20.5264921016949,10.0115464067797,736.666666666679,0
